state,overall_rank,quality_of_life,economy,infrastructure,tech_innovation,education,access_to_capital,cost_of_living,year,interest_rate, purchase_price 
Alabama,43,48,40,27,30,42,40,11,2010,4.93,236785
Alaska,50,26,41,50,41,45,40,47,2010,4.77,317043
Arizona,18,29,41,23,19,45,25,34,2010,4.98,237080
Arkansas,32,43,27,36,44,33,40,3,2010,4.78,216015
California,32,15,18,16,1,31,1,49,2010,4.95,488282
Colorado,3,2,8,36,12,29,15,35,2010,5.02,309340
Connecticut,35,9,32,40,17,8,8,45,2010,4.92,416718
Delaware,42,47,45,44,33,25,20,32,2010,4.84,325120
Florida,28,31,48,21,13,35,17,30,2010,5,246178
Georgia,10,35,37,2,17,28,13,9,2010,4.9,279100
Hawaii,48,1,22,49,43,38,31,49,2010,5.01,552877
Idaho,26,18,39,29,39,47,28,11,2010,4.94,247840
Illinois,30,24,29,12,14,26,6,17,2010,5.05,228657
Indiana,21,44,41,6,22,16,26,13,2010,5.13,169869
Iowa,6,17,10,32,29,16,36,17,2010,4.92,135879
Kansas,11,27,7,8,31,11,33,5,2010,4.8,226520
Kentucky,40,46,44,4,35,37,38,3,2010,4.94,206582
Louisiana,44,50,25,30,34,32,22,24,2010,4.9,241065
Maine,39,6,25,41,41,7,40,39,2010,4.87,230634
Maryland,27,28,18,43,8,10,12,45,2010,4.82,424150
Massachusetts,5,6,17,39,3,1,2,41,2010,4.79,368844
Michigan,41,36,47,24,7,35,18,24,2010,5.11,185880
Minnesota,8,12,5,11,16,9,19,15,2010,4.88,256935
Mississippi,45,42,35,45,46,49,40,13,2010,4.87,172185
Missouri,17,39,29,7,24,15,20,9,2010,5.11,195518
Montana,36,15,15,24,44,18,36,32,2010,4.93,263997
Nebraska,13,21,14,18,37,22,40,5,2010,5.08,183846
Nevada,47,37,49,31,37,50,40,37,2010,5.12,212800
New Hampshire,19,4,12,47,27,6,16,39,2010,4.66,237781
New Jersey,22,14,28,32,9,2,4,47,2010,4.86,408138
New Mexico,38,34,21,18,31,44,28,29,2010,4.88,230823
New York,24,18,2,22,2,2,3,43,2010,4.87,336105
North Carolina,4,32,37,10,11,26,10,23,2010,4.85,274550
North Dakota,12,13,3,20,47,18,40,17,2010,4.73,203908
Ohio,34,38,34,2,15,18,24,15,2010,4.91,210504
Oklahoma,25,41,6,41,36,40,32,1,2010,4.81,172966
Oregon,23,22,33,15,20,38,14,37,2010,4.83,319977
Pennsylvania,20,25,15,16,6,4,11,30,2010,4.96,251012
Rhode Island,49,33,49,48,28,14,23,41,2010,4.67,361070
South Carolina,31,45,46,8,26,43,34,24,2010,4.77,258740
South Dakota,7,11,4,27,49,21,40,5,2010,4.88,210544
Tennessee,16,49,36,4,23,41,35,1,2010,4.82,231333
Texas,1,29,1,1,4,30,7,8,2010,4.88,258271
Utah,8,5,23,32,25,48,39,17,2010,4.93,296608
Vermont,37,3,12,46,40,4,40,43,2010,4.68,159662
Virginia,2,18,11,12,10,13,9,27,2010,4.82,417640
Washington,15,8,18,35,5,22,5,35,2010,4.91,370350
West Virginia,46,40,24,38,48,34,40,17,2010,4.92,153309
Wisconsin,29,23,31,14,21,12,30,17,2010,4.85,237190
Wyoming,14,10,9,24,50,22,27,27,2010,4.93,284508
Alabama,41,49,39,24,33,44,35,11,2011,4.65,236400
Alaska,49,21,3,47,43,41,35,49,2011,4.63,352600
Arizona,24,35,44,10,18,49,18,36,2011,4.85,232400
Arkansas,32,45,9,40,44,31,35,4,2011,4.66,214600
California,32,22,30,7,1,36,1,48,2011,4.72,478600
Colorado,5,7,26,26,14,30,15,33,2011,4.82,290900
Connecticut,39,11,44,43,19,3,17,47,2011,4.6,459100
Delaware,36,48,22,40,32,26,35,35,2011,4.66,329300
Florida,18,31,47,8,13,35,9,25,2011,4.76,256900
Georgia,4,38,35,2,17,22,13,9,2011,4.7,282200
Hawaii,48,1,16,46,42,40,33,50,2011,4.75,483700
Idaho,31,16,38,36,39,45,35,12,2011,4.85,233100
Illinois,22,28,32,6,6,29,5,20,2011,4.79,226600
Indiana,15,40,30,21,22,12,14,15,2011,5.06,186700
Iowa,9,18,5,37,28,15,35,14,2011,4.81,209700
Kansas,11,26,16,19,30,24,28,7,2011,4.31,226300
Kentucky,35,46,36,16,36,32,34,1,2011,4.65,228700
Louisiana,42,50,28,26,34,33,35,21,2011,4.56,260900
Maine,40,6,34,48,40,9,30,39,2011,4.58,224100
Maryland,29,30,12,39,10,11,12,44,2011,4.66,426700
Massachusetts,6,10,15,29,3,4,2,41,2011,4.5,435200
Michigan,34,35,36,10,8,34,31,18,2011,4.59,216700
Minnesota,7,8,27,15,16,10,16,33,2011,4.65,238800
Mississippi,47,41,39,32,45,48,35,10,2011,4.75,177800
Missouri,16,34,29,9,23,17,22,8,2011,4.71,242000
Montana,38,15,7,34,46,28,35,30,2011,4.69,251000
Nebraska,10,12,5,31,35,20,35,6,2011,4.81,203000
Nevada,45,44,50,25,37,50,29,32,2011,4.99,193900
New Hampshire,17,2,10,45,29,7,20,40,2011,3.98,246400
New Jersey,30,16,42,23,8,2,6,46,2011,4.6,389700
New Mexico,43,24,25,30,31,39,25,29,2011,4.71,219100
New York,26,23,20,14,2,1,3,45,2011,4.59,223200
North Carolina,3,33,41,3,12,18,11,22,2011,4.62,261600
North Dakota,13,9,1,28,48,23,35,19,2011,4.44,226600
Ohio,23,42,24,4,15,13,21,13,2011,4.62,222800
Oklahoma,28,37,4,35,37,42,24,3,2011,4.72,232800
Oregon,27,20,48,16,20,37,19,38,2011,4.67,308400
Pennsylvania,12,29,19,13,7,8,7,31,2011,4.72,234400
Rhode Island,50,24,42,49,27,24,35,43,2011,4.47,377200
South Carolina,37,42,49,19,26,46,35,28,2011,4.57,271300
South Dakota,13,5,11,42,49,20,35,26,2011,4.62,204400
Tennessee,18,47,46,5,24,43,26,2,2011,4.62,241200
Texas,2,32,14,1,4,27,4,5,2011,4.68,280300
Utah,8,14,16,33,25,46,23,17,2011,4.69,261100
Vermont,44,3,21,49,40,4,32,42,2011,4.57,158900
Virginia,1,26,8,10,11,6,10,24,2011,4.63,403300
Washington,20,13,32,18,5,14,8,37,2011,4.57,367400
West Virginia,46,38,13,44,47,38,35,16,2011,4.79,136600
Wisconsin,25,19,22,22,21,15,27,23,2011,4.69,244200
Wyoming,21,4,2,38,50,18,35,27,2011,4.81,292100
Alabama,38,47,6,29,35,43,41,13,2012,3.8,240384
Alaska,47,26,4,37,50,32,48,49,2012,3.73,337464
Arizona,22,32,44,9,21,49,22,34,2012,3.92,255867
Arkansas,20,43,20,31,41,28,40,5,2012,3.77,218440
California,40,20,43,30,3,33,1,46,2012,3.85,532353
Colorado,8,8,33,23,8,27,4,33,2012,3.81,347518
Connecticut,44,12,40,43,18,2,15,48,2012,3.67,515789
Delaware,43,49,19,27,40,31,30,37,2012,3.67,334900
Florida,29,30,47,11,11,42,24,25,2012,3.83,290872
Georgia,9,36,30,3,17,34,20,16,2012,3.78,304116
Hawaii,49,2,41,49,45,39,39,50,2012,3.85,513475
Idaho,13,22,23,23,38,48,32,9,2012,3.91,254013
Illinois,26,31,45,16,4,17,11,18,2012,3.83,313466
Indiana,14,40,11,18,23,25,37,7,2012,3.83,220141
Iowa,12,19,3,31,28,30,28,19,2012,3.7,207721
Kansas,15,24,14,6,30,21,25,10,2012,3.56,226245
Kentucky,36,45,38,22,31,35,45,4,2012,3.79,247788
Louisiana,42,50,36,40,28,35,43,17,2012,3.69,328798
Maine,35,4,42,42,35,6,46,39,2012,3.7,262831
Maryland,31,29,24,43,10,9,7,43,2012,3.74,421786
Massachusetts,28,11,21,45,7,3,1,41,2012,3.69,511105
Michigan,33,34,28,25,12,38,21,12,2012,3.63,253709
Minnesota,11,5,16,2,18,11,15,35,2012,3.78,257973
Mississippi,46,41,48,34,42,44,48,8,2012,3.74,200774
Missouri,27,37,29,20,21,20,37,14,2012,3.78,207962
Montana,24,18,18,14,39,16,42,31,2012,3.74,263437
Nebraska,6,13,9,19,34,18,32,11,2012,3.88,197813
Nevada,45,46,50,5,44,50,34,22,2012,4.15,254345
New Hampshire,19,1,34,46,26,8,19,40,2012,3.77,296211
New Jersey,41,20,39,41,13,4,11,45,2012,3.68,446966
New Mexico,36,24,15,13,32,46,26,29,2012,3.83,274989
New York,34,28,22,39,1,1,5,47,2012,3.71,446958
North Carolina,4,26,31,11,9,13,18,21,2012,3.74,299248
North Dakota,5,5,2,15,47,19,43,28,2012,3.83,228949
Ohio,25,44,31,10,16,23,17,15,2012,3.74,231033
Oklahoma,23,37,17,37,32,37,35,1,2012,3.79,227601
Oregon,18,17,37,16,15,40,13,38,2012,3.77,327960
Pennsylvania,30,33,26,35,5,7,6,32,2012,3.76,291704
Rhode Island,50,23,49,50,37,23,10,44,2012,3.88,403930
South Carolina,32,41,25,21,26,46,30,24,2012,3.74,296130
South Dakota,7,7,12,27,46,22,48,30,2012,3.75,218004
Tennessee,16,48,12,4,25,41,29,2,2012,3.73,278154
Texas,1,35,5,1,2,26,8,3,2012,3.75,323870
Utah,2,10,7,8,24,45,13,6,2012,3.71,328273
Vermont,39,3,27,48,43,4,23,42,2012,3.64,319257
Virginia,3,16,10,33,14,13,9,20,2012,3.77,403847
Washington,21,15,45,36,5,13,3,36,2012,3.73,399973
West Virginia,48,39,7,47,49,29,46,26,2012,3.9,206716
Wisconsin,17,14,34,6,20,10,27,23,2012,3.76,238527
Wyoming,10,9,1,26,48,11,35,27,2012,3.63,310889
Alabama,33,27,25,45,34,37,13,39,2013,4.07,233200
Alaska,44,38,36,35,50,10,49,39,2013,3.94,345270
Arizona,20,10,2,29,19,16,35,33,2013,4.04,277120
Arkansas,24,34,7,40,38,43,7,37,2013,4.08,194970
California,47,34,34,27,2,48,45,1,2013,4.01,585830
Colorado,7,23,10,15,8,17,32,11,2013,4.03,358807
Connecticut,45,49,37,17,21,26,48,19,2013,3.84,456366
Delaware,31,39,30,34,39,1,37,14,2013,4.03,338866
Florida,30,29,4,28,11,35,29,27,2013,4.01,303172
Georgia,8,18,1,32,17,14,14,5,2013,3.96,315477
Hawaii,50,50,45,1,45,40,50,39,2013,3.97,551202
Idaho,10,20,14,16,37,5,3,39,2013,4.01,249863
Illinois,37,5,29,30,5,36,23,25,2013,4.03,307317
Indiana,18,5,27,39,24,10,6,25,2013,4.18,207334
Iowa,11,28,40,14,30,9,16,31,2013,3.99,216471
Kansas,14,4,17,24,29,12,7,35,2013,3.87,225579
Kentucky,36,14,31,38,31,37,3,39,2013,4.02,233561
Louisiana,43,41,22,50,28,39,20,35,2013,3.95,280588
Maine,38,44,43,5,32,27,39,33,2013,3.84,266075
Maryland,40,46,20,25,9,45,42,9,2013,4.01,432647
Massachusetts,16,40,28,13,7,21,43,1,2013,3.81,509249
Michigan,29,25,15,43,12,32,18,23,2013,3.82,246605
Minnesota,15,8,32,3,18,15,34,17,2013,4.04,279160
Mississippi,41,36,18,37,44,49,10,39,2013,4.15,173318
Missouri,26,5,48,47,22,29,11,23,2013,3.93,236553
Montana,19,12,34,12,40,43,30,39,2013,4,290968
Nebraska,4,16,23,4,36,3,5,39,2013,4.02,201420
Nevada,46,30,13,47,42,22,17,39,2013,4.19,304372
New Hampshire,27,45,33,9,27,13,40,15,2013,3.89,287075
New Jersey,42,43,21,23,15,41,46,9,2013,3.86,446637
New Mexico,33,23,38,26,32,47,25,29,2013,3.97,269067
New York,35,42,45,22,1,30,47,3,2013,3.88,464337
North Carolina,12,31,3,30,10,18,20,15,2013,3.93,295550
North Dakota,3,2,8,5,46,6,30,29,2013,4.06,243604
Ohio,28,11,47,44,16,33,14,17,2013,4.08,233733
Oklahoma,25,25,25,45,35,28,1,37,2013,3.98,229936
Oregon,17,13,39,8,14,25,38,11,2013,4.01,348003
Pennsylvania,39,33,44,33,5,41,33,5,2013,4.03,295725
Rhode Island,49,47,42,20,42,46,44,21,2013,3.89,331014
South Carolina,23,15,9,41,26,34,19,19,2013,3.97,296462
South Dakota,1,19,11,7,48,2,26,39,2013,3.99,219625
Tennessee,13,2,5,49,25,18,2,27,2013,3.93,282370
Texas,2,1,11,41,2,20,9,3,2013,3.97,310409
Utah,5,21,19,21,23,4,11,7,2013,3.98,345412
Vermont,32,48,49,2,40,31,41,31,2013,3.68,282674
Virginia,5,21,6,18,12,6,20,13,2013,3.97,416156
Washington,21,31,24,10,4,23,36,7,2013,3.91,410577
West Virginia,48,37,50,36,49,50,24,39,2013,3.94,197718
Wisconsin,22,17,40,19,19,24,28,21,2013,3.99,234595
Wyoming,9,9,16,11,47,8,27,39,2013,4.09,299383
Alabama,34,21,20,46,31,38,7,45,2014,4.42,253240
Alaska,47,41,27,30,42,10,46,21,2014,4.29,355860
Arizona,13,8,2,27,19,16,27,5,2014,4.4,300880
Arkansas,30,35,19,41,44,45,2,39,2014,4.28,240280
California,32,24,36,23,1,48,47,1,2014,4.21,606520
Colorado,8,29,5,12,9,16,34,1,2014,4.31,401735
Connecticut,46,42,32,14,21,24,48,7,2014,4.19,473251
Delaware,38,44,34,29,23,1,36,44,2014,4.28,351047
Florida,20,27,3,28,12,35,31,7,2014,4.36,323508
Georgia,1,1,1,32,16,14,22,11,2014,4.27,338358
Hawaii,49,43,49,1,33,44,49,33,2014,4.32,556071
Idaho,16,34,8,16,41,6,11,21,2014,4.39,288918
Illinois,27,3,32,30,5,41,29,14,2014,4.29,328056
Indiana,19,7,27,44,25,11,7,37,2014,4.42,234798
Iowa,12,25,37,20,29,9,12,49,2014,4.36,213956
Kansas,15,8,13,25,27,11,24,41,2014,4.21,240933
Kentucky,39,29,29,42,37,36,1,47,2014,4.37,252551
Louisiana,40,36,26,47,36,39,4,47,2014,4.28,314451
Maine,45,46,41,8,43,28,38,29,2014,4.29,278015
Maryland,35,39,20,26,7,42,41,27,2014,4.23,447653
Massachusetts,25,45,20,7,5,21,45,9,2014,4.06,549858
Michigan,26,16,15,45,14,32,17,23,2014,4.24,258546
Minnesota,6,5,30,4,11,15,28,11,2014,4.38,287768
Mississippi,36,31,17,38,47,49,6,31,2014,4.41,202097
Missouri,23,13,44,48,24,29,18,39,2014,4.32,255717
Montana,33,25,46,11,45,42,25,27,2014,4.37,278890
Nebraska,4,18,16,8,40,3,21,35,2014,4.44,222493
Nevada,29,19,14,35,35,22,30,15,2014,4.57,319989
New Hampshire,30,48,41,3,26,13,43,19,2014,4.13,330824
New Jersey,43,47,23,18,15,37,44,11,2014,4.16,466929
New Mexico,37,15,30,33,32,47,26,23,2014,4.43,258434
New York,40,38,43,21,3,29,50,4,2014,4.21,475820
North Carolina,5,21,4,34,12,19,14,17,2014,4.3,301842
North Dakota,10,10,8,5,49,7,12,45,2014,4.41,256188
Ohio,18,6,46,43,17,33,15,29,2014,4.34,256414
Oklahoma,28,33,35,49,39,27,3,41,2014,4.27,257807
Oregon,22,23,39,13,22,26,37,15,2014,4.31,382012
Pennsylvania,44,37,48,35,8,39,35,17,2014,4.35,310727
Rhode Island,50,50,38,19,34,45,42,23,2014,4.16,419505
South Carolina,24,14,25,40,30,34,10,41,2014,4.34,292665
South Dakota,11,31,6,10,50,2,16,26,2014,4.4,235835
Tennessee,14,4,6,50,28,18,9,33,2014,4.23,297206
Texas,2,1,11,37,2,20,18,5,2014,4.26,334877
Utah,3,28,12,15,18,4,20,1,2014,4.28,362672
Vermont,42,49,50,2,37,31,40,31,2014,4.03,284477
Virginia,8,19,10,22,10,5,32,19,2014,4.26,434714
Washington,7,17,24,6,4,23,38,9,2014,4.22,442120
West Virginia,48,40,44,39,48,50,5,49,2014,4.38,223757
Wisconsin,17,10,40,24,20,25,23,37,2014,4.33,236964
Wyoming,21,12,18,16,46,8,33,35,2014,4.43,324019
Alabama,41,42,44,31,30,46,20,10,2015,4.17,253170
Alaska,47,27,49,38,47,36,35,47,2015,3.98,372760
Arizona,34,31,36,9,24,49,25,28,2015,4.12,334350
Arkansas,32,44,16,35,46,35,38,11,2015,4.02,247210
California,27,15,7,28,2,32,1,46,2015,3.96,662600
Colorado,4,9,3,14,5,24,8,31,2015,4.06,430022
Connecticut,33,11,26,46,19,11,30,49,2015,3.9,502824
Delaware,38,30,26,39,22,38,47,37,2015,4.09,381809
Florida,16,32,11,16,17,26,15,27,2015,4.16,334047
Georgia,5,36,4,2,16,29,5,16,2015,4.01,370884
Hawaii,50,1,42,49,36,45,37,50,2015,4.06,598311
Idaho,14,22,19,27,33,47,19,3,2015,4.08,329834
Illinois,19,26,41,12,9,12,3,22,2015,4.02,365174
Indiana,13,46,8,22,26,26,16,4,2015,4.18,238485
Iowa,10,9,10,28,24,18,39,14,2015,4.15,220954
Kansas,24,35,44,7,30,10,46,8,2015,3.82,253271
Kentucky,36,41,21,19,39,36,41,6,2015,4,327518
Louisiana,46,45,48,32,40,42,28,20,2015,4.04,295611
Maine,44,5,42,41,36,20,26,38,2015,3.98,279514
Maryland,36,29,35,45,7,6,29,40,2015,4.08,479995
Massachusetts,20,8,28,47,3,1,17,43,2015,3.81,578493
Michigan,22,48,29,26,8,25,4,7,2015,3.99,293945
Minnesota,1,3,5,9,6,2,23,32,2015,4.07,293941
Mississippi,43,39,50,23,48,47,33,1,2015,4.2,238935
Missouri,26,47,33,18,23,20,24,17,2015,4,280356
Montana,28,13,16,12,41,32,39,30,2015,4.06,312236
Nebraska,7,15,20,21,32,16,36,8,2015,4.09,235873
Nevada,45,27,47,33,45,50,43,33,2015,4.25,312655
New Hampshire,30,4,24,43,29,9,48,39,2015,3.94,371645
New Jersey,39,13,40,48,18,5,8,45,2015,3.91,508045
New Mexico,24,24,24,5,38,40,42,13,2015,4.17,253858
New York,35,20,31,39,4,3,13,48,2015,3.92,521026
North Carolina,9,33,6,23,10,30,1,23,2015,4.05,328297
North Dakota,6,19,13,8,41,15,31,29,2015,4.07,273601
Ohio,23,43,15,11,21,20,7,19,2015,4.12,270949
Oklahoma,31,49,14,17,43,44,33,5,2015,4.01,250882
Oregon,21,6,22,37,13,40,22,44,2015,3.99,415704
Pennsylvania,40,36,46,35,11,16,11,34,2015,4.1,339476
Rhode Island,48,12,39,50,33,13,43,42,2015,3.81,424346
South Carolina,29,38,18,14,35,39,31,21,2015,4.09,307818
South Dakota,11,17,8,19,44,23,27,35,2015,4.13,248111
Tennessee,17,50,31,3,27,42,18,2,2015,3.96,329860
Texas,2,33,2,1,11,28,6,15,2015,3.95,368059
Utah,3,20,1,30,15,31,21,11,2015,4.06,401933
Vermont,42,2,33,44,28,3,48,41,2015,3.76,312086
Virginia,12,25,36,25,14,6,12,25,2015,4.07,467007
Washington,8,7,11,33,1,18,10,36,2015,3.95,491958
West Virginia,49,40,36,42,50,34,45,24,2015,4.15,243080
Wisconsin,15,23,30,5,20,14,14,26,2015,4.04,276268
Wyoming,18,17,23,4,49,8,50,18,2015,4.13,315868
Alabama,38,43,48,21,36,46,16,4,2016,3.98,266669
Alaska,45,20,41,37,41,37,36,45,2016,3.88,351122
Arizona,25,32,15,16,22,47,28,31,2016,3.96,350940
Arkansas,41,50,32,21,47,36,39,3,2016,3.88,256051
California,32,23,8,33,2,38,2,47,2016,3.77,672862
Colorado,3,12,2,29,8,25,8,32,2016,3.8,473413
Connecticut,43,25,43,47,19,18,25,46,2016,3.69,517694
Delaware,37,28,26,36,27,45,46,48,2016,3.82,384506
Florida,10,26,4,10,17,26,14,28,2016,3.95,342129
Georgia,8,37,9,4,13,33,6,17,2016,3.89,378455
Hawaii,49,1,25,46,38,43,37,50,2016,3.91,705231
Idaho,15,20,12,25,34,49,22,7,2016,3.88,324009
Illinois,24,35,34,16,11,4,1,34,2016,3.84,339554
Indiana,16,45,20,1,26,29,18,8,2016,4.04,231566
Iowa,9,9,29,16,23,17,40,12,2016,4.03,217471
Kansas,28,37,39,8,28,9,42,16,2016,3.83,275789
Kentucky,35,42,40,14,37,29,38,2,2016,3.95,273830
Louisiana,44,47,46,34,46,39,30,14,2016,3.83,310258
Maine,46,5,49,48,39,31,27,39,2016,3.8,347845
Maryland,30,27,23,44,5,16,26,38,2016,3.82,493995
Massachusetts,20,17,18,42,3,1,19,44,2016,3.64,611365
Michigan,7,32,7,27,6,19,4,10,2016,3.85,302828
Minnesota,4,2,17,5,9,2,21,27,2016,3.89,294961
Mississippi,47,44,50,31,50,48,34,1,2016,4.08,216813
Missouri,31,49,34,9,25,14,20,11,2016,3.82,297133
Montana,22,10,13,24,40,27,40,24,2016,3.91,312416
Nebraska,11,18,19,20,31,9,31,15,2016,3.97,233026
Nevada,40,41,37,11,42,50,44,33,2016,4.06,325530
New Hampshire,26,4,16,49,29,11,43,42,2016,3.82,337356
New Jersey,34,19,36,44,17,6,5,41,2016,3.72,505868
New Mexico,39,36,38,14,33,34,46,25,2016,4,275976
New York,29,22,10,43,4,8,11,49,2016,3.7,529302
North Carolina,5,30,11,30,7,28,2,18,2016,3.84,336349
North Dakota,12,7,26,6,44,14,33,26,2016,3.88,287242
Ohio,21,34,22,7,21,13,9,9,2016,3.86,281781
Oklahoma,42,48,44,26,43,44,35,6,2016,3.93,243834
Oregon,17,6,5,37,14,34,22,36,2016,3.8,443113
Pennsylvania,33,29,42,35,12,21,12,35,2016,3.84,344218
Rhode Island,50,24,45,50,35,20,45,43,2016,3.64,501487
South Carolina,27,31,24,21,32,42,29,19,2016,3.88,323650
South Dakota,19,14,33,28,44,21,32,20,2016,3.89,266967
Tennessee,18,46,21,2,24,40,17,5,2016,3.74,329683
Texas,2,37,1,2,10,40,7,21,2016,3.82,368753
Utah,1,13,3,13,16,23,24,22,2016,3.79,418409
Vermont,36,3,26,41,30,7,49,40,2016,3.59,318115
Virginia,13,16,30,32,15,5,15,30,2016,3.83,465206
Washington,6,8,6,39,1,24,10,37,2016,3.74,531365
West Virginia,47,40,47,39,49,32,48,13,2016,4.07,228402
Wisconsin,23,15,31,19,19,11,13,23,2016,3.92,268230
Wyoming,13,11,14,12,48,3,50,29,2016,3.88,279152
Alabama,37,50,26,18,31,47,29,12,2017,4.42,239063
Alaska,47,22,48,35,41,42,49,46,2017,4.18,358043
Arizona,26,31,19,14,24,49,18,25,2017,4.23,341949
Arkansas,41,47,32,12,48,38,32,4,2017,4.25,231668
California,28,21,22,22,2,28,1,48,2017,4.08,668358
Colorado,6,14,13,28,7,12,12,32,2017,4.11,462849
Connecticut,33,23,41,47,13,3,20,45,2017,3.92,458899
Delaware,40,37,39,36,18,36,38,33,2017,3.94,391088
Florida,12,24,2,7,28,40,4,27,2017,4.25,321552
Georgia,2,28,1,4,23,33,9,14,2017,4.24,349711
Hawaii,49,1,35,40,45,30,41,50,2017,4.13,667028
Idaho,20,18,8,32,36,44,41,6,2017,4.26,308134
Illinois,31,27,45,24,12,24,5,21,2017,4.15,312767
Indiana,14,45,10,3,26,29,24,2,2017,4.33,235802
Iowa,15,9,21,23,25,9,30,15,2017,4.34,215025
Kansas,34,35,46,12,31,18,36,8,2017,4.18,239014
Kentucky,35,41,29,6,38,30,27,10,2017,4.14,294503
Louisiana,44,49,49,39,47,48,31,20,2017,4.27,294304
Maine,46,7,38,48,41,20,40,38,2017,4.13,322694
Maryland,25,26,7,43,4,25,15,44,2017,4.1,479083
Massachusetts,10,10,14,41,1,1,7,47,2017,3.83,595708
Michigan,11,33,9,19,9,23,17,3,2017,4.24,269555
Minnesota,3,3,6,10,5,2,16,31,2017,4.17,296995
Mississippi,48,44,47,41,46,46,44,1,2017,4.45,221511
Missouri,22,46,18,11,22,15,20,11,2017,4.24,262844
Montana,30,8,35,30,37,22,35,30,2017,4.23,313682
Nebraska,13,10,27,26,33,5,41,13,2017,4.1,244440
Nevada,39,34,10,8,50,50,26,36,2017,4.38,321684
New Hampshire,18,6,22,49,21,8,32,30,2017,4.01,370350
New Jersey,32,13,31,46,18,4,9,41,2017,4.01,489380
New Mexico,42,42,44,16,27,45,38,22,2017,4.38,243507
New York,38,19,33,45,8,5,2,49,2017,3.97,561383
North Carolina,5,28,15,20,6,32,9,19,2017,4.1,328463
North Dakota,19,4,40,17,39,13,47,26,2017,4,276091
Ohio,16,40,17,5,15,15,14,18,2017,4.14,279614
Oklahoma,43,48,42,32,44,43,36,5,2017,4.24,255819
Oregon,17,12,10,20,14,27,22,39,2017,4.11,437331
Pennsylvania,23,30,34,38,10,10,5,34,2017,4.06,348776
Rhode Island,45,31,29,50,34,20,44,42,2017,3.94,446819
South Carolina,29,36,15,30,35,40,28,29,2017,4.13,311909
South Dakota,24,14,22,37,41,25,34,34,2017,4.14,266231
Tennessee,9,42,5,2,30,37,23,7,2017,4.06,344238
Texas,4,37,25,1,11,34,3,9,2017,4.13,355854
Utah,8,20,4,9,18,34,18,17,2017,4.12,371384
Vermont,35,2,37,29,29,7,46,43,2017,3.86,247370
Virginia,7,17,20,25,16,13,13,28,2017,4.05,456792
Washington,1,5,3,32,3,19,8,37,2017,4.08,537904
West Virginia,50,39,50,44,49,39,47,22,2017,4.33,226464
Wisconsin,21,24,28,26,17,15,25,24,2017,4.24,256182
Wyoming,27,16,43,14,40,11,50,15,2017,4.3,279428
Alabama,41,48,37,18,34,47,30,8,2018,4.89,234953
Alaska,50,25,50,34,45,45,49,46,2018,4.67,367938
Arizona,20,36,10,16,23,48,20,20,2018,4.86,327862
Arkansas,40,50,39,12,47,42,36,2,2018,4.73,263534
California,25,21,11,24,1,32,1,49,2018,4.53,714882
Colorado,5,9,8,29,7,11,11,34,2018,4.69,497491
Connecticut,37,22,45,47,17,9,18,43,2018,4.57,503641
Delaware,38,39,25,35,24,26,38,35,2018,4.57,393143
Florida,10,23,9,8,7,36,4,26,2018,4.74,326601
Georgia,7,32,2,3,21,29,8,9,2018,4.7,355582
Hawaii,47,2,33,40,42,31,42,50,2018,4.62,718032
Idaho,11,13,5,24,35,40,29,13,2018,4.8,366385
Illinois,28,30,42,22,12,17,4,25,2018,4.79,298036
Indiana,16,46,20,2,28,35,24,10,2018,4.87,266954
Iowa,18,7,34,24,26,13,36,12,2018,4.92,221575
Kansas,35,28,48,14,29,18,40,7,2018,4.79,251437
Kentucky,42,37,47,7,36,39,30,16,2018,4.84,265647
Louisiana,44,49,40,38,44,46,27,17,2018,4.68,316525
Maine,45,15,43,48,38,22,30,38,2018,4.67,368861
Maryland,31,26,21,45,10,20,16,44,2018,4.61,479744
Massachusetts,8,10,14,42,2,1,7,48,2018,4.43,643633
Michigan,11,33,16,18,3,28,15,4,2018,4.86,264938
Minnesota,6,3,18,6,5,5,17,29,2018,4.79,300593
Mississippi,49,42,49,41,46,43,43,1,2018,4.78,235825
Missouri,23,45,25,11,22,18,22,6,2018,4.72,298231
Montana,34,7,34,32,39,24,38,31,2018,4.82,330579
Nebraska,14,11,37,29,31,3,33,15,2018,4.7,244426
Nevada,33,40,15,8,47,50,26,36,2018,4.89,354958
New Hampshire,24,5,22,49,26,2,41,39,2018,4.72,371002
New Jersey,36,16,31,43,18,7,9,41,2018,4.54,509413
New Mexico,43,41,46,17,37,44,33,19,2018,4.9,251885
New York,27,14,23,44,4,3,2,47,2018,4.46,567435
North Carolina,9,28,6,21,11,37,9,18,2018,4.66,331299
North Dakota,29,4,44,14,42,23,46,29,2018,4.38,259551
Ohio,15,35,24,4,16,15,14,14,2018,4.62,299622
Oklahoma,39,44,32,27,40,48,35,3,2018,4.81,247125
Oregon,19,18,12,28,14,29,20,45,2018,4.72,464247
Pennsylvania,22,34,41,37,13,7,6,32,2018,4.58,362831
Rhode Island,45,27,28,50,33,25,43,42,2018,4.46,428883
South Carolina,30,42,17,35,31,26,28,27,2018,4.67,314708
South Dakota,20,16,27,38,41,16,45,27,2018,4.87,253702
Tennessee,13,47,7,5,30,33,23,5,2018,4.59,333594
Texas,1,31,1,1,9,37,3,11,2018,4.73,358578
Utah,3,12,2,10,19,34,18,22,2018,4.71,419329
Vermont,32,1,29,32,25,10,49,40,2018,4.66,337576
Virginia,4,19,13,20,15,6,13,33,2018,4.61,468899
Washington,2,5,4,31,6,12,11,37,2018,4.58,595875
West Virginia,48,37,36,45,50,41,47,23,2018,4.64,249581
Wisconsin,17,24,19,23,20,14,25,24,2018,4.83,268858
Wyoming,26,20,30,12,49,21,47,20,2018,4.8,283881
Alabama,37,49,27,10,34,37,30,6,2019,0,0
Alaska,47,23,38,46,41,49,50,44,2019,0,0
Arizona,20,37,12,13,23,47,18,24,2019,0,0
Arkansas,42,50,36,20,44,41,33,3,2019,0,0
California,32,17,19,33,1,30,1,49,2019,0,0
Colorado,9,7,21,35,7,17,11,34,2019,0,0
Connecticut,35,20,43,43,18,8,20,43,2019,0,0
Delaware,38,30,24,31,23,35,35,35,2019,0,0
Florida,12,24,10,12,20,39,4,30,2019,0,0
Georgia,6,25,15,5,16,23,10,11,2019,0,0
Hawaii,49,1,47,49,40,26,44,50,2019,0,0
Idaho,18,21,2,28,37,47,38,20,2019,0,0
Illinois,30,33,45,16,11,33,5,22,2019,0,0
Indiana,11,44,17,1,30,32,21,9,2019,0,0
Iowa,16,13,13,32,26,17,32,13,2019,0,0
Kansas,19,35,32,3,31,21,28,8,2019,0,0
Kentucky,39,40,46,2,36,31,29,13,2019,0,0
Louisiana,46,47,49,42,42,37,33,18,2019,0,0
Maine,44,19,37,47,35,19,42,39,2019,0,0
Maryland,31,27,35,41,5,23,14,46,2019,0,0
Massachusetts,14,10,18,48,3,1,6,47,2019,0,0
Michigan,24,31,24,33,6,43,16,5,2019,0,0
Minnesota,7,3,23,9,7,3,17,31,2019,0,0
Mississippi,48,42,50,38,48,44,42,1,2019,0,0
Missouri,23,43,24,7,22,14,22,4,2019,0,0
Montana,33,7,40,29,39,34,40,33,2019,0,0
Nebraska,8,15,9,22,33,6,41,17,2019,0,0
Nevada,29,28,11,11,44,45,27,36,2019,0,0
New Hampshire,25,5,34,45,29,13,35,37,2019,0,0
New Jersey,36,11,40,39,15,4,12,41,2019,0,0
New Mexico,41,44,27,24,37,45,35,15,2019,0,0
New York,27,13,14,44,4,7,2,48,2019,0,0
North Carolina,3,35,1,17,9,21,6,19,2019,0,0
North Dakota,17,4,31,21,42,9,47,29,2019,0,0
Ohio,10,34,30,4,13,11,13,15,2019,0,0
Oklahoma,43,46,40,17,46,50,30,2,2019,0,0
Oregon,22,16,7,22,12,36,23,45,2019,0,0
Pennsylvania,28,32,39,24,13,9,6,28,2019,0,0
Rhode Island,50,28,48,50,27,25,39,41,2019,0,0
South Carolina,34,41,22,30,32,29,26,26,2019,0,0
South Dakota,21,21,8,37,47,27,45,27,2019,0,0
Tennessee,13,48,5,5,23,28,23,6,2019,0,0
Texas,2,37,4,8,10,39,3,12,2019,0,0
Utah,4,9,3,17,21,20,19,25,2019,0,0
Vermont,40,2,44,24,27,15,45,40,2019,0,0
Virginia,1,17,16,13,17,1,15,32,2019,0,0
Washington,5,5,5,39,2,11,9,38,2019,0,0
West Virginia,45,39,33,35,50,42,48,21,2019,0,0
Wisconsin,15,26,20,24,19,5,25,23,2019,0,0
Wyoming,26,12,27,15,49,15,48,10,2019,0,0
